{"cameraMode":{"drawMode":0,"name":"Shaded","section":"Shading Mode"},"sceneLighting":false,"audioPlay":false,"sceneViewState":{"m_AlwaysRefresh":false,"showFog":false,"showSkybox":false,"showFlares":false,"showImageEffects":false,"showParticleSystems":true,"showVisualEffectGraphs":true,"m_FxEnabled":true},"in2DMode":false,"pivot":{"x":-1.8672082424163819,"y":27.530075073242189,"z":-0.01759582757949829},"rotation":{"x":-0.039296384900808337,"y":-0.012892219237983227,"z":0.0005085484590381384,"w":-0.999148964881897},"size":0.9620410799980164,"orthographic":false}