{"cameraMode":{"drawMode":0,"name":"Shaded","section":"Shading Mode"},"sceneLighting":true,"audioPlay":false,"sceneViewState":{"m_AlwaysRefresh":false,"showFog":true,"showSkybox":true,"showFlares":true,"showImageEffects":true,"showParticleSystems":true,"showVisualEffectGraphs":true,"m_FxEnabled":true},"in2DMode":false,"pivot":{"x":-0.04997347295284271,"y":4.6995320320129398,"z":-7.1319427490234379},"rotation":{"x":-0.010807725600898266,"y":0.018594888970255853,"z":-0.00020137288083788007,"w":-0.9997755289077759},"size":29.088512420654298,"orthographic":false}