{"cameraMode":{"drawMode":0,"name":"Shaded","section":"Shading Mode"},"sceneLighting":true,"audioPlay":false,"sceneViewState":{"m_AlwaysRefresh":false,"showFog":true,"showSkybox":true,"showFlares":true,"showImageEffects":true,"showParticleSystems":true,"showVisualEffectGraphs":true,"m_FxEnabled":true},"in2DMode":false,"pivot":{"x":0.3595390319824219,"y":4.393625259399414,"z":-6.381084442138672},"rotation":{"x":-0.10804785788059235,"y":0.030412795022130014,"z":-0.003309024730697274,"w":-0.9936792254447937},"size":20.446319580078126,"orthographic":false}