{"cameraMode":{"drawMode":0,"name":"Shaded","section":"Shading Mode"},"sceneLighting":true,"audioPlay":false,"sceneViewState":{"m_AlwaysRefresh":false,"showFog":true,"showSkybox":true,"showFlares":true,"showImageEffects":true,"showParticleSystems":true,"showVisualEffectGraphs":true,"m_FxEnabled":true},"in2DMode":false,"pivot":{"x":8.55594253540039,"y":2.587722063064575,"z":5.446591854095459},"rotation":{"x":-0.10766129940748215,"y":0.04860333353281021,"z":-0.0052696168422698978,"w":-0.9929860234260559},"size":10.600000381469727,"orthographic":false}