{"cameraMode":{"drawMode":0,"name":"Shaded","section":"Shading Mode"},"sceneLighting":true,"audioPlay":false,"sceneViewState":{"m_AlwaysRefresh":false,"showFog":true,"showSkybox":true,"showFlares":true,"showImageEffects":true,"showParticleSystems":true,"showVisualEffectGraphs":true,"m_FxEnabled":true},"in2DMode":false,"pivot":{"x":8.47862720489502,"y":2.6144161224365236,"z":5.460336208343506},"rotation":{"x":-0.04642760008573532,"y":0.04883532598614693,"z":-0.0022724196314811708,"w":-0.9977257251739502},"size":3.399996519088745,"orthographic":false}