{"cameraMode":{"drawMode":0,"name":"Shaded","section":"Shading Mode"},"sceneLighting":false,"audioPlay":false,"sceneViewState":{"m_AlwaysRefresh":false,"showFog":false,"showSkybox":false,"showFlares":false,"showImageEffects":false,"showParticleSystems":true,"showVisualEffectGraphs":true,"m_FxEnabled":true},"in2DMode":false,"pivot":{"x":27.696887969970704,"y":3.9600000381469728,"z":0.9060001373291016},"rotation":{"x":-0.12890012562274934,"y":-0.027665764093399049,"z":0.0035986308939754965,"w":-0.9912703037261963},"size":2.5504112243652345,"orthographic":false}