{"cameraMode":{"drawMode":0,"name":"Shaded","section":"Shading Mode"},"sceneLighting":false,"audioPlay":false,"sceneViewState":{"m_AlwaysRefresh":false,"showFog":false,"showSkybox":false,"showFlares":false,"showImageEffects":false,"showParticleSystems":true,"showVisualEffectGraphs":true,"m_FxEnabled":false},"in2DMode":false,"pivot":{"x":0.5971379280090332,"y":0.14871066808700562,"z":0.01443624496459961},"rotation":{"x":0.012014060281217099,"y":0.9873385429382324,"z":-0.09239654242992401,"w":0.12838000059127809},"size":2.1829750537872316,"orthographic":false}