{"cameraMode":{"drawMode":0,"name":"Shaded","section":"Shading Mode"},"sceneLighting":false,"audioPlay":false,"sceneViewState":{"m_AlwaysRefresh":false,"showFog":false,"showSkybox":false,"showFlares":false,"showImageEffects":false,"showParticleSystems":true,"showVisualEffectGraphs":true,"m_FxEnabled":false},"in2DMode":false,"pivot":{"x":1.9952032566070557,"y":0.19599446654319764,"z":5.857802867889404},"rotation":{"x":-0.05064203217625618,"y":0.03294489160180092,"z":0.001682676956988871,"w":0.9981953501701355},"size":10.537397384643555,"orthographic":true}