{"cameraMode":{"drawMode":0,"name":"Shaded","section":"Shading Mode"},"sceneLighting":false,"audioPlay":false,"sceneViewState":{"m_AlwaysRefresh":false,"showFog":false,"showSkybox":false,"showFlares":false,"showImageEffects":false,"showParticleSystems":true,"showVisualEffectGraphs":true,"m_FxEnabled":true},"in2DMode":false,"pivot":{"x":9.800921440124512,"y":16.401914596557618,"z":-3.0768067836761476},"rotation":{"x":0.027287518605589868,"y":0.03747200220823288,"z":-0.0010226439917460085,"w":0.9989286661148071},"size":13.102542877197266,"orthographic":false}