{"cameraMode":{"drawMode":0,"name":"Shaded","section":"Shading Mode"},"sceneLighting":false,"audioPlay":false,"sceneViewState":{"m_AlwaysRefresh":false,"showFog":false,"showSkybox":false,"showFlares":false,"showImageEffects":false,"showParticleSystems":true,"showVisualEffectGraphs":true,"m_FxEnabled":true},"in2DMode":false,"pivot":{"x":161.01617431640626,"y":-146.0841522216797,"z":-13.915948867797852},"rotation":{"x":0.03929886594414711,"y":-0.007499546743929386,"z":0.00029597117099910975,"w":0.9992039203643799},"size":27.412220001220704,"orthographic":false}