{"cameraMode":{"drawMode":0,"name":"Shaded","section":"Shading Mode"},"sceneLighting":false,"audioPlay":false,"sceneViewState":{"m_AlwaysRefresh":false,"showFog":true,"showSkybox":false,"showFlares":true,"showImageEffects":true,"showParticleSystems":true,"showVisualEffectGraphs":true,"m_FxEnabled":true},"in2DMode":false,"pivot":{"x":-0.19167089462280274,"y":6.060969829559326,"z":0.933527946472168},"rotation":{"x":0.11302579939365387,"y":-0.19393755495548249,"z":0.022500736638903619,"w":0.9742242693901062},"size":5.823137283325195,"orthographic":false}